Reservations,DayRentValue,CarPhotoURL,City,Region,Doors,Model,CarNo,MemberNo,Gear,BookingDiscount,WeekRentValue,Cylinders,Seats,MobileSalesMan,MemberName,WD,Passengers,MonthRentValue,CarKey,Milage,CarName
,0.0,,Dubai,Al Garhoud Complex,4,2021,85883,2475,-1,0.0,0.0,4,2,00971503694779,A M G A RENT A CAR L.L.C.,2,5,0.0,80540,32800,LAMBORGHINUI URUS
"[{'ReservationKey': 0, 'CarKey': 69965, 'CustomerName': 'Running Contract, 23019', 'CustomerMobile': None, 'ReservationStatus': 0, 'ReservationDateTime': None, 'FromDateTime': '6/24/2024 4:22:00 PM', 'ToDateTime': '7/17/2024 4:22:00 PM', 'DayRentValue': 0.0, 'Documents': None}]",100.0,,Dubai,Al Garhoud Complex,4,2023,57187,2475,-1,0.0,630.0,4,2,00971503694779,A M G A RENT A CAR L.L.C.,2,5,2400.0,69965,50398,HYUNDAI CRETA
"[{'ReservationKey': 0, 'CarKey': 69966, 'CustomerName': 'Running Contract, 23341', 'CustomerMobile': None, 'ReservationStatus': 0, 'ReservationDateTime': None, 'FromDateTime': '7/29/2024 9:15:00 PM', 'ToDateTime': '7/30/2024 9:15:00 PM', 'DayRentValue': 0.0, 'Documents': None}]",100.0,,Dubai,Al Garhoud Complex,4,2023,57188,2475,-1,0.0,630.0,4,2,00971503694779,A M G A RENT A CAR L.L.C.,2,5,2400.0,69966,52405,HYUNDAI CRETA
,100.0,,Dubai,Al Garhoud Complex,4,2023,57189,2475,-1,0.0,630.0,4,2,00971503694779,A M G A RENT A CAR L.L.C.,2,5,2400.0,69967,54700,HYUNDAI CRETA
"[{'ReservationKey': 0, 'CarKey': 69968, 'CustomerName': 'Running Contract, 23368', 'CustomerMobile': None, 'ReservationStatus': 0, 'ReservationDateTime': None, 'FromDateTime': '8/1/2024 5:20:00 PM', 'ToDateTime': '8/9/2024 5:20:00 PM', 'DayRentValue': 0.0, 'Documents': None}]",100.0,,Dubai,Al Garhoud Complex,4,2023,57190,2475,-1,0.0,630.0,4,2,00971503694779,A M G A RENT A CAR L.L.C.,2,5,2400.0,69968,53662,HYUNDAI CRETA
"[{'ReservationKey': 0, 'CarKey': 69969, 'CustomerName': 'Running Contract, 23339', 'CustomerMobile': None, 'ReservationStatus': 0, 'ReservationDateTime': None, 'FromDateTime': '7/29/2024 9:37:00 PM', 'ToDateTime': '8/4/2024 9:37:00 PM', 'DayRentValue': 0.0, 'Documents': None}]",100.0,,Dubai,Al Garhoud Complex,4,2023,57191,2475,-1,0.0,630.0,4,2,00971503694779,A M G A RENT A CAR L.L.C.,2,5,2400.0,69969,49655,HYUNDAI CRETA
,100.0,,Dubai,Al Garhoud Complex,4,2023,57192,2475,-1,0.0,630.0,4,2,00971503694779,A M G A RENT A CAR L.L.C.,2,5,2400.0,69970,57378,HYUNDAI CRETA
"[{'ReservationKey': 0, 'CarKey': 69971, 'CustomerName': 'Running Contract, 23363', 'CustomerMobile': None, 'ReservationStatus': 0, 'ReservationDateTime': None, 'FromDateTime': '7/31/2024 8:34:00 PM', 'ToDateTime': '8/3/2024 8:34:00 PM', 'DayRentValue': 0.0, 'Documents': None}]",100.0,,Dubai,Al Garhoud Complex,4,2023,57193,2475,-1,0.0,630.0,4,2,00971503694779,A M G A RENT A CAR L.L.C.,2,5,2400.0,69971,56007,HYUNDAI CRETA
"[{'ReservationKey': 0, 'CarKey': 69972, 'CustomerName': 'Running Contract, 23275', 'CustomerMobile': None, 'ReservationStatus': 0, 'ReservationDateTime': None, 'FromDateTime': '7/23/2024 12:09:00 PM', 'ToDateTime': '8/4/2024 12:09:00 PM', 'DayRentValue': 0.0, 'Documents': None}]",100.0,,Dubai,Al Garhoud Complex,4,2023,57194,2475,-1,0.0,630.0,4,2,00971503694779,A M G A RENT A CAR L.L.C.,2,5,2400.0,69972,49487,HYUNDAI CRETA
"[{'ReservationKey': 0, 'CarKey': 69973, 'CustomerName': 'Running Contract, 23299', 'CustomerMobile': None, 'ReservationStatus': 0, 'ReservationDateTime': None, 'FromDateTime': '7/26/2024 11:04:00 AM', 'ToDateTime': '8/2/2024 11:04:00 AM', 'DayRentValue': 0.0, 'Documents': None}]",100.0,,Dubai,Al Garhoud Complex,4,2023,57195,2475,-1,0.0,630.0,4,2,00971503694779,A M G A RENT A CAR L.L.C.,2,5,2400.0,69973,60812,HYUNDAI CRETA
"[{'ReservationKey': 0, 'CarKey': 69974, 'CustomerName': 'Running Contract, 23364', 'CustomerMobile': None, 'ReservationStatus': 0, 'ReservationDateTime': None, 'FromDateTime': '7/31/2024 8:43:00 PM', 'ToDateTime': '8/1/2024 8:43:00 PM', 'DayRentValue': 0.0, 'Documents': None}]",100.0,,Dubai,Al Garhoud Complex,4,2023,57196,2475,-1,0.0,630.0,4,2,00971503694779,A M G A RENT A CAR L.L.C.,2,5,2400.0,69974,51745,HYUNDAI CRETA
"[{'ReservationKey': 0, 'CarKey': 100345, 'CustomerName': 'Running Contract, 22470', 'CustomerMobile': None, 'ReservationStatus': 0, 'ReservationDateTime': None, 'FromDateTime': '4/22/2024 10:06:45 PM', 'ToDateTime': '4/22/2024 10:06:45 PM', 'DayRentValue': 0.0, 'Documents': None}]",100.0,,Dubai,Al Garhoud Complex,4,2023,11136,2475,-1,0.0,630.0,4,2,00971503694779,A M G A RENT A CAR L.L.C.,2,5,2400.0,100345,25649,NISSAN PATROL
"[{'ReservationKey': 0, 'CarKey': 71356, 'CustomerName': 'Running Contract, 23367', 'CustomerMobile': None, 'ReservationStatus': 0, 'ReservationDateTime': None, 'FromDateTime': '8/1/2024 3:41:00 PM', 'ToDateTime': '8/4/2024 3:41:00 PM', 'DayRentValue': 0.0, 'Documents': None}]",100.0,,Dubai,Al Garhoud Complex,4,2023,84125,2475,-1,0.0,630.0,4,2,00971503694779,A M G A RENT A CAR L.L.C.,2,5,2400.0,71356,63026,HYUNDAI CRETA
"[{'ReservationKey': 0, 'CarKey': 71385, 'CustomerName': 'Running Contract, 23326', 'CustomerMobile': None, 'ReservationStatus': 0, 'ReservationDateTime': None, 'FromDateTime': '7/27/2024 6:22:00 PM', 'ToDateTime': '8/3/2024 6:22:00 PM', 'DayRentValue': 0.0, 'Documents': None}]",100.0,,Dubai,Al Garhoud Complex,4,2023,84124,2475,-1,0.0,630.0,4,2,00971503694779,A M G A RENT A CAR L.L.C.,2,5,2400.0,71385,59538,HYUNDAI CRETA
,100.0,,Dubai,Al Garhoud Complex,4,2022,85887,2475,-1,0.0,630.0,4,2,00971503694779,A M G A RENT A CAR L.L.C.,2,5,2400.0,68234,45323,LAMBORGHINI HURACAN
,100.0,,Dubai,Al Garhoud Complex,4,2021,46974,2475,-1,0.0,630.0,4,2,00971503694779,A M G A RENT A CAR L.L.C.,2,5,2400.0,114025,96461,NISSAN PATROL
"[{'ReservationKey': 0, 'CarKey': 127633, 'CustomerName': 'Running Contract, 22442', 'CustomerMobile': None, 'ReservationStatus': 0, 'ReservationDateTime': None, 'FromDateTime': '4/19/2024 2:00:00 PM', 'ToDateTime': '4/20/2024 2:00:00 PM', 'DayRentValue': 0.0, 'Documents': None}]",100.0,,Dubai,Al Garhoud Complex,4,2024,85881,2475,-1,0.0,630.0,4,2,00971503694779,A M G A RENT A CAR L.L.C.,2,5,2400.0,127633,6429,MERCEDES G63
,100.0,,Dubai,Al Garhoud Complex,4,2024,58810,2475,-1,0.0,630.0,4,2,00971503694779,A M G A RENT A CAR L.L.C.,2,5,2400.0,104221,18437,BMW X5
,100.0,,Dubai,Al Garhoud Complex,4,2024,59694,2475,-1,0.0,630.0,4,2,00971503694779,A M G A RENT A CAR L.L.C.,2,5,2400.0,104222,24999,BMW X6
,100.0,,Dubai,Al Garhoud Complex,4,2023,98295,2475,-1,0.0,630.0,4,2,00971503694779,A M G A RENT A CAR L.L.C.,2,5,2400.0,141949,23165,KIA CARNIVAL
"[{'ReservationKey': 0, 'CarKey': 71357, 'CustomerName': 'Running Contract, 22865', 'CustomerMobile': None, 'ReservationStatus': 0, 'ReservationDateTime': None, 'FromDateTime': '6/4/2024 6:01:00 PM', 'ToDateTime': '6/29/2024 6:01:00 PM', 'DayRentValue': 0.0, 'Documents': None}]",100.0,,Dubai,Al Garhoud Complex,4,2023,84123,2475,-1,0.0,630.0,4,2,00971503694779,A M G A RENT A CAR L.L.C.,2,5,2400.0,71357,46920,HYUNDAI CRETA
,100.0,,Dubai,Al Garhoud Complex,4,2021,58934,2475,-1,0.0,630.0,4,2,00971503694779,A M G A RENT A CAR L.L.C.,2,5,2400.0,39858,105768,CADILLAC ESCALADE
"[{'ReservationKey': 0, 'CarKey': 39859, 'CustomerName': 'Running Contract, 23361', 'CustomerMobile': None, 'ReservationStatus': 0, 'ReservationDateTime': None, 'FromDateTime': '7/31/2024 8:09:00 PM', 'ToDateTime': '8/3/2024 8:09:00 PM', 'DayRentValue': 0.0, 'Documents': None}]",100.0,,Dubai,Al Garhoud Complex,4,2021,64325,2475,-1,0.0,630.0,4,2,00971503694779,A M G A RENT A CAR L.L.C.,2,5,2400.0,39859,88180,MERCEDES BENZ C-200
,100.0,,Dubai,Al Garhoud Complex,4,2021,63530,2475,-1,0.0,630.0,4,2,00971503694779,A M G A RENT A CAR L.L.C.,2,5,2400.0,39860,62895,NISSAN PATROL
,100.0,,Dubai,Al Garhoud Complex,4,2023,85889,2475,-1,0.0,630.0,4,2,00971503694779,A M G A RENT A CAR L.L.C.,2,5,2400.0,113406,13761,FERRARI F8 SPIDER
"[{'ReservationKey': 0, 'CarKey': 39862, 'CustomerName': 'Running Contract, 22908', 'CustomerMobile': None, 'ReservationStatus': 0, 'ReservationDateTime': None, 'FromDateTime': '6/11/2024 10:40:00 PM', 'ToDateTime': '7/18/2024 10:40:00 PM', 'DayRentValue': 0.0, 'Documents': None}]",100.0,,Dubai,Al Garhoud Complex,4,2022,24598,2475,-1,0.0,630.0,4,2,00971503694779,A M G A RENT A CAR L.L.C.,2,5,2400.0,39862,73856,HYUNDAI TUCSON
"[{'ReservationKey': 0, 'CarKey': 39863, 'CustomerName': 'Running Contract, 22937', 'CustomerMobile': None, 'ReservationStatus': 0, 'ReservationDateTime': None, 'FromDateTime': '6/16/2024 11:50:00 PM', 'ToDateTime': '7/6/2024 11:50:00 PM', 'DayRentValue': 0.0, 'Documents': None}]",100.0,,Dubai,Al Garhoud Complex,4,2022,48721,2475,-1,0.0,630.0,4,2,00971503694779,A M G A RENT A CAR L.L.C.,2,5,2400.0,39863,74136,KIA SPORTAGE
,100.0,,Dubai,Al Garhoud Complex,4,2022,66019,2475,-1,0.0,630.0,4,2,00971503694779,A M G A RENT A CAR L.L.C.,2,5,2400.0,39864,66018,KIA SPORTAGE
"[{'ReservationKey': 0, 'CarKey': 39865, 'CustomerName': 'Running Contract, 23010', 'CustomerMobile': None, 'ReservationStatus': 0, 'ReservationDateTime': None, 'FromDateTime': '6/23/2024 1:12:00 PM', 'ToDateTime': '8/22/2024 1:12:00 PM', 'DayRentValue': 0.0, 'Documents': None}]",100.0,,Dubai,Al Garhoud Complex,4,2022,29653,2475,-1,0.0,630.0,4,2,00971503694779,A M G A RENT A CAR L.L.C.,2,5,2400.0,39865,87489,KIA SORENTO
"[{'ReservationKey': 0, 'CarKey': 39866, 'CustomerName': 'Running Contract, 23354', 'CustomerMobile': None, 'ReservationStatus': 0, 'ReservationDateTime': None, 'FromDateTime': '7/31/2024 3:19:00 PM', 'ToDateTime': '8/6/2024 3:19:00 PM', 'DayRentValue': 0.0, 'Documents': None}]",100.0,,Dubai,Al Garhoud Complex,4,2021,43019,2475,-1,0.0,630.0,4,2,00971503694779,A M G A RENT A CAR L.L.C.,2,5,2400.0,39866,98066,CADILLAC ESCALADE
"[{'ReservationKey': 0, 'CarKey': 39830, 'CustomerName': 'Running Contract, 23256', 'CustomerMobile': None, 'ReservationStatus': 0, 'ReservationDateTime': None, 'FromDateTime': '7/20/2024 10:09:00 PM', 'ToDateTime': '8/19/2024 10:09:00 PM', 'DayRentValue': 0.0, 'Documents': None}]",100.0,,Dubai,Al Garhoud Complex,4,2020,41809,2475,-1,0.0,630.0,4,2,00971503694779,A M G A RENT A CAR L.L.C.,2,5,2400.0,39830,98806,KIA SPORTAGE
"[{'ReservationKey': 0, 'CarKey': 39831, 'CustomerName': 'Running Contract, 23249', 'CustomerMobile': None, 'ReservationStatus': 0, 'ReservationDateTime': None, 'FromDateTime': '7/19/2024 6:58:00 PM', 'ToDateTime': '8/18/2024 6:58:00 PM', 'DayRentValue': 0.0, 'Documents': None}]",100.0,,Dubai,Al Garhoud Complex,4,2020,41819,2475,-1,0.0,630.0,4,2,00971503694779,A M G A RENT A CAR L.L.C.,2,5,2400.0,39831,70956,KIA SPORTAGE
"[{'ReservationKey': 0, 'CarKey': 39872, 'CustomerName': 'Running Contract, 23240', 'CustomerMobile': None, 'ReservationStatus': 0, 'ReservationDateTime': None, 'FromDateTime': '7/18/2024 1:39:00 PM', 'ToDateTime': '7/19/2024 1:39:00 PM', 'DayRentValue': 0.0, 'Documents': None}]",100.0,,Dubai,Al Garhoud Complex,4,2022,52994,2475,-1,0.0,630.0,4,2,00971503694779,A M G A RENT A CAR L.L.C.,2,5,2400.0,39872,108179,HYUNDAI CRETA
"[{'ReservationKey': 0, 'CarKey': 39873, 'CustomerName': 'Running Contract, 23318', 'CustomerMobile': None, 'ReservationStatus': 0, 'ReservationDateTime': None, 'FromDateTime': '7/27/2024 11:55:00 AM', 'ToDateTime': '7/28/2024 11:55:00 AM', 'DayRentValue': 0.0, 'Documents': None}]",100.0,,Dubai,Al Garhoud Complex,4,2022,53034,2475,-1,0.0,630.0,4,2,00971503694779,A M G A RENT A CAR L.L.C.,2,5,2400.0,39873,85970,HYUNDAI CRETA
"[{'ReservationKey': 0, 'CarKey': 39885, 'CustomerName': 'Running Contract, 23351', 'CustomerMobile': None, 'ReservationStatus': 0, 'ReservationDateTime': None, 'FromDateTime': '7/31/2024 12:50:00 PM', 'ToDateTime': '8/1/2024 12:50:00 PM', 'DayRentValue': 0.0, 'Documents': None}]",100.0,,Dubai,Al Garhoud Complex,4,2021,85883,2475,-1,0.0,630.0,4,2,00971503694779,A M G A RENT A CAR L.L.C.,2,5,2400.0,39885,83513,LAMBORGHINI URUS
,100.0,,Dubai,Al Garhoud Complex,4,2022,75652,2475,-1,0.0,630.0,4,2,00971503694779,A M G A RENT A CAR L.L.C.,2,5,2400.0,39886,95360,TOYOTA LAND CRUISER TWIN TURBO
,100.0,,Dubai,Al Garhoud Complex,4,2022,21587,2475,-1,0.0,630.0,4,2,00971503694779,A M G A RENT A CAR L.L.C.,2,5,2400.0,39896,86068,TOYOTA  LAND CRUISER
"[{'ReservationKey': 0, 'CarKey': 39897, 'CustomerName': 'Running Contract, 23325', 'CustomerMobile': None, 'ReservationStatus': 0, 'ReservationDateTime': None, 'FromDateTime': '7/27/2024 4:34:00 PM', 'ToDateTime': '8/10/2024 4:34:00 PM', 'DayRentValue': 0.0, 'Documents': None}]",100.0,,Dubai,Al Garhoud Complex,4,2022,33812,2475,-1,0.0,630.0,4,2,00971503694779,A M G A RENT A CAR L.L.C.,2,5,2400.0,39897,52002,TOYOTA RUSH
"[{'ReservationKey': 0, 'CarKey': 39910, 'CustomerName': 'Running Contract, 23107', 'CustomerMobile': None, 'ReservationStatus': 0, 'ReservationDateTime': None, 'FromDateTime': '7/5/2024 8:44:00 PM', 'ToDateTime': '8/3/2024 8:44:00 PM', 'DayRentValue': 0.0, 'Documents': None}]",100.0,,Dubai,Al Garhoud Complex,4,2022,11730,2475,-1,0.0,630.0,4,2,00971503694779,A M G A RENT A CAR L.L.C.,2,5,2400.0,39910,72075,NISSAN KICKS
,100.0,,Dubai,Al Garhoud Complex,4,2024,88436,2475,-1,0.0,630.0,4,2,00971503694779,A M G A RENT A CAR L.L.C.,2,5,2400.0,127229,14919,EXEED LX
,100.0,,Dubai,Al Garhoud Complex,4,2019,21770,2475,-1,0.0,630.0,4,2,00971503694779,A M G A RENT A CAR L.L.C.,2,5,2400.0,39832,170906,MERCEDEZ G63
"[{'ReservationKey': 0, 'CarKey': 39869, 'CustomerName': 'Running Contract, 23223', 'CustomerMobile': None, 'ReservationStatus': 0, 'ReservationDateTime': None, 'FromDateTime': '7/16/2024 5:36:00 PM', 'ToDateTime': '7/17/2024 5:36:00 PM', 'DayRentValue': 0.0, 'Documents': None}]",100.0,,Dubai,Al Garhoud Complex,4,2022,52041,2475,-1,0.0,630.0,4,2,00971503694779,A M G A RENT A CAR L.L.C.,2,5,2400.0,39869,94936,HYUNDAI CRETA
"[{'ReservationKey': 0, 'CarKey': 106736, 'CustomerName': 'Running Contract, 23347', 'CustomerMobile': None, 'ReservationStatus': 0, 'ReservationDateTime': None, 'FromDateTime': '7/30/2024 8:29:00 PM', 'ToDateTime': '8/4/2024 8:29:00 PM', 'DayRentValue': 0.0, 'Documents': None}]",100.0,,Dubai,Al Garhoud Complex,4,2024,26124,2475,-1,0.0,630.0,4,2,00971503694779,A M G A RENT A CAR L.L.C.,2,5,2400.0,106736,23372,BMW 420 
,200.0,,Dubai,Al Garhoud Complex,4,2020,94303,2475,-1,0.0,630.0,4,2,00971503694779,A M G A RENT A CAR L.L.C.,2,5,2400.0,39833,73554,KIA SPORTAGE
"[{'ReservationKey': 0, 'CarKey': 39898, 'CustomerName': 'Running Contract, 23331', 'CustomerMobile': None, 'ReservationStatus': 0, 'ReservationDateTime': None, 'FromDateTime': '7/29/2024 1:33:00 PM', 'ToDateTime': '7/30/2024 1:33:00 PM', 'DayRentValue': 0.0, 'Documents': None}]",250.0,,Dubai,Al Garhoud Complex,4,2022,46059,2475,-1,0.0,630.0,4,2,00971503694779,A M G A RENT A CAR L.L.C.,2,5,2400.0,39898,49321,TOYOTA RUSH
,400.0,,Dubai,Al Garhoud Complex,4,2020,63515,2475,-1,0.0,0.0,4,2,00971503694779,A M G A RENT A CAR L.L.C.,2,5,0.0,39827,113774,AUDI A6
"[{'ReservationKey': 0, 'CarKey': 39868, 'CustomerName': 'Running Contract, 23312', 'CustomerMobile': None, 'ReservationStatus': 0, 'ReservationDateTime': None, 'FromDateTime': '7/26/2024 8:10:00 PM', 'ToDateTime': '8/3/2024 8:10:00 PM', 'DayRentValue': 0.0, 'Documents': None}]",550.0,,Dubai,Al Garhoud Complex,4,2022,59538,2475,-1,0.0,630.0,4,2,00971503694779,A M G A RENT A CAR L.L.C.,2,5,2400.0,39868,83397,TOYOTA PRADO
,1000.0,,Dubai,Al Garhoud Complex,4,2020,85882,2475,-1,0.0,0.0,4,2,00971503694779,A M G A RENT A CAR L.L.C.,2,5,0.0,39818,93567,RANGE ROVER
"[{'ReservationKey': 0, 'CarKey': 39855, 'CustomerName': 'Running Contract, 23355', 'CustomerMobile': None, 'ReservationStatus': 0, 'ReservationDateTime': None, 'FromDateTime': '7/31/2024 6:31:00 PM', 'ToDateTime': '8/2/2024 6:31:00 PM', 'DayRentValue': 0.0, 'Documents': None}]",1000.0,,Dubai,Al Garhoud Complex,4,2021,35803,2475,-1,0.0,0.0,4,2,00971503694779,A M G A RENT A CAR L.L.C.,2,5,25000.0,39855,93494,BMW X6
,2018.0,,Dubai,Al Garhoud Complex,4,2022,52036,2475,-1,0.0,630.0,4,2,00971503694779,A M G A RENT A CAR L.L.C.,2,5,2400.0,39870,108552,HYUNDAI CRETA
